{
  "vui": [],
  "cha": [
    "ba",
    "bọ",
    "bố",
    "phụ thân",
    "thân phụ",
    "thầy",
    "tía"
  ],
  "yêu": [
    "thương"
  ],
  "hay": [
    "năng"
  ],
  "buồn": [
    "mót"
  ],
  "mẹ": [
    "bầm",
    "bu",
    "má",
    "mạ",
    "me",
    "mế",
    "mệ",
    "nạ",
    "u"
  ],
  "hanhj phusc": [],
  "hạnh phúc": [],
  "nước": [
    "nác"
  ],
  "học": [],
  "hành": [
    "hành ta"
  ],
  "bắp": [],
  "đẹp": [
    "xinh"
  ],
  "chào": [],
  "đi": [
    "về"
  ],
  "đứng": [],
  "ngồi": [],
  "nghỉ": [
    "ngơi"
  ],
  "nghĩ": [],
  "vua": [],
  "chúa": [],
  "ngô": [
    "bắp"
  ],
  "con trai": [
    "con giai"
  ],
  "con gái": [],
  "nữ": [],
  "nam": [
    "trai"
  ],
  "đàn ông": [],
  "bà": [],
  "lái": [],
  "bay": [
    "đi",
    "phai"
  ],
  "phai": [
    "bay",
    "đi"
  ],
  "mờ": [],
  "xấu": [],
  "hết": [
    "cả"
  ],
  "Cha": [
    "ba",
    "bọ",
    "bố",
    "phụ thân",
    "thân phụ",
    "thầy",
    "tía"
  ],
  "Mai": [
    "mu"
  ],
  "Mệt": [],
  "Tốt": [
    "đặng",
    "được"
  ],
  "Chạy": [
    "đi",
    "di chuyển",
    "vận động",
    "chạy trốn",
    "tháo chạy"
  ],
  "Hay": [
    "năng"
  ],
  "Đánh": [
    "đả",
    "làm"
  ],
  "Việc": [],
  "Nát": [],
  "A": [],
  "Quạt": [],
  "Ô": [
    "dù",
    "ô dù"
  ],
  "Bánh xe": [],
  "Xe": [
    "xe cộ",
    "xe pháo"
  ],
  "Tàu hỏa": [],
  "Tàu lưa": [],
  "Tàu lửa": [],
  "oto": [],
  "may": [],
  "xui": [],
  "gốc": [],
  "Ra": [
    "vào"
  ],
  "Vào": [],
  "Vô": [],
  "Không": [
    "không trung",
    "chẳng",
    "chớ"
  ],
  "đâu": [],
  "Đâu": [],
  "Cào": [
    "bồ cào",
    "Lấy từ « http://tratu",
    "soha"
  ],
  "Đàn": [
    "cầm",
    "đờn",
    "bầy",
    "bọn",
    "lũ"
  ],
  "tinh": [
    "tinh tường",
    "rặt",
    "toàn"
  ],
  "thương": [
    "yêu thương",
    "thương xót",
    "xót thương"
  ],
  "mãi": [],
  "mong": [
    "ngóng",
    "trông",
    "cầu mong",
    "hi vọng"
  ],
  "phong": [
    "cùi",
    "hủi",
    "phung",
    "phong tặng"
  ],
  "thủy": [],
  "oke": [],
  "lo": [],
  "lắng": [],
  "chim": [
    "cu"
  ],
  "con chim": [],
  "điện thoại": [
    "telephone",
    "phôn"
  ],
  "ươc": [],
  "ước": [
    "mơ",
    "áng chừng",
    "ước chừng"
  ],
  "trônh": [],
  "trông": [
    "nom",
    "trông coi",
    "trông nom",
    "nhìn"
  ],
  "May": [],
  "may mắn": [],
  "MAy": [],
  "Mong": [
    "ngóng",
    "trông",
    "cầu mong",
    "hi vọng"
  ],
  "Tuyệt": [
    "tiệt",
    "tuyệt vời",
    "cực",
    "cực kì"
  ],
  "Giang": [],
  "Sơn": [],
  "Mê": [
    "say"
  ]
}